AB,AF,AH,AM,AR,AX,AY,AZ,BC,BD,BN,BP,BQ,BR,BZ,CB,CC,CD,CF,CH,CL,CR,CS,CU,CW,DA,DE,DF,DH,DI,DL,DN,DU,DV,DY,EB,EE,EG,EH,EJ,EL,EP,EU,FC,FD,FE,FI,FL,FR,FS,GB,GE,GF,GH,GI,GL
0.2806118820146081,0.30263845295706265,0.04464546313759175,0.23916993156241664,0.06438034287892723,0.09761578296404438,0.0824203665339818,0.013515606981951124,0.15588153495423185,0.11218407269891821,0.19828288876105465,0.1572864429090944,0.2757127245577754,0.08855356255112845,0.11242330489019989,-0.014603759323140083,-0.049599298678394646,0.171303549320753,0.10974774612045453,0.008144308808507045,0.016852143236700513,-0.22754659276787192,-0.047438074846572,-0.083184864607836,-0.06263911121471362,-0.2046120370858707,-0.12497729147482402,0.06427208885747944,-0.20683924540057633,0.26075980571986834,-0.14771602038439663,-0.008477749950987764,0.26100531145276706,0.01547747834099033,0.06273384140485698,0.08800491810536001,-0.13532354428920096,-0.024609863760996543,0.1798553067203795,0.0965003744971722,0.06937866836063786,-0.06838258959996765,-0.03973900264478664,0.03112306249133082,0.1310995864685129,0.2163591304464824,-0.09432709836698466,0.24414795028906877,0.10409912152603572,0.0021893869677374767,0.08334316250342874,-0.07076554123410946,-0.12820803405020617,0.03353967779212319,0.07689351926655304,-0.11883383360453255
